<application>
  <component name="userPrompts">
    <option name="defaultPrompts">
      <list>
        <promptsEntry>
          <option name="id" value="ba154eab-3846-4bc3-a629-39e795fd17c0" />
          <option name="name" value="Conventional" />
          <option name="prompt" value="Write a commit message in the conventional commit convention. I'll send you an output of 'git diff --staged' command, and you convert it into a commit message. Lines must not be longer than 74 characters. Use $LOCALE_LANGUAGE language to answer. End commit title with issue number if you can get it from the branch name: $VCS_BRANCH in parenthesis.&#10;$VCS_DIFF" />
          <option name="waitForInput" value="false" />
          <option name="category" value="VCS_COMMIT_ACTIONS" />
          <option name="gmtCreated" value="1719437518744" />
          <option name="gmtModified" value="1719437518744" />
        </promptsEntry>
        <promptsEntry>
          <option name="id" value="4e073dec-0020-483c-8218-624e88c736bd" />
          <option name="name" value="%F0%9F%90%9BFind+problems" />
          <option name="prompt" value="Find potential problems in the code:&#10;&#10;$SELECTION" />
          <option name="waitForInput" value="false" />
          <option name="category" value="CODE_EDITING_ACTIONS" />
          <option name="gmtCreated" value="1719437518744" />
          <option name="gmtModified" value="1719437518744" />
        </promptsEntry>
        <promptsEntry>
          <option name="id" value="ea839671-d4ce-4b9c-8d53-a3e2c5a2b6ea" />
          <option name="name" value="Basic" />
          <option name="prompt" value="Write an insightful but concise Git commit message in a complete sentence in present tense for the following diff without prefacing it with anything, the response must be in the language $LOCALE_LANGUAGE and must NOT be longer than 74 characters. The sent text will be the differences between files, where deleted lines are prefixed with a single minus sign and added lines are prefixed with a single plus sign.&#10;$VCS_DIFF" />
          <option name="waitForInput" value="false" />
          <option name="category" value="VCS_COMMIT_ACTIONS" />
          <option name="gmtCreated" value="1719437518744" />
          <option name="gmtModified" value="1719437518744" />
        </promptsEntry>
        <promptsEntry>
          <option name="id" value="6637edf0-2cf9-4392-8e47-75f655e4e440" />
          <option name="name" value="Emoji" />
          <option name="prompt" value="Write a clean and comprehensive commit message in the conventional commit convention. I'll send you an output of 'git diff --staged' command, and you convert it into a commit message. Use GitMoji convention to preface the commit. Do NOT add any descriptions to the commit, only commit message. Use the present tense. Lines must not be longer than 74 characters. Use $LOCALE_LANGUAGE language to answer.&#10;$VCS_DIFF" />
          <option name="waitForInput" value="false" />
          <option name="category" value="VCS_COMMIT_ACTIONS" />
          <option name="gmtCreated" value="1719437518744" />
          <option name="gmtModified" value="1719437518744" />
        </promptsEntry>
        <promptsEntry>
          <option name="id" value="18634c15-28d9-414e-a639-cfa80f257446" />
          <option name="name" value="Smart+programmer" />
          <option name="prompt" value="# Instructions&#10;You are an intelligent programmer named Guawazi. You are helping a colleague answer a programming question.&#10;Please make your response as concise as possible, and avoid being too verbose.&#10;You will be given a query and various pieces of context which may or may not be helpful in answering the query.&#10;Your goal is to answer their query in a freeform markdown-formatted response in a faithful manner. You must not lie or make up facts.&#10;&#10;When writing out new code blocks, please specify the language ID after the initial backticks, like so:&#10;```java&#10;{{ code }}&#10;```" />
          <option name="waitForInput" value="false" />
          <option name="category" value="SYSTEM_ACTIONS" />
          <option name="gmtCreated" value="1719437518742" />
          <option name="gmtModified" value="1719437518742" />
        </promptsEntry>
        <promptsEntry>
          <option name="id" value="8d9a718c-9d30-4b2a-ae0b-ef1596d94142" />
          <option name="name" value="%F0%9F%A7%90Explain" />
          <option name="prompt" value="Explain the following $SELECTION_LANG code:&#10;&#10;$SELECTION" />
          <option name="waitForInput" value="false" />
          <option name="category" value="CODE_EDITING_ACTIONS" />
          <option name="gmtCreated" value="1719437518744" />
          <option name="gmtModified" value="1719437518744" />
        </promptsEntry>
        <promptsEntry>
          <option name="id" value="5622a6d0-dfec-4d66-8750-3939acc81037" />
          <option name="name" value="%E2%99%BB%EF%B8%8FRefactor" />
          <option name="prompt" value="Refactor the following code:&#10;&#10;$SELECTION" />
          <option name="waitForInput" value="false" />
          <option name="category" value="CODE_EDITING_ACTIONS" />
          <option name="gmtCreated" value="1719437518744" />
          <option name="gmtModified" value="1719437518744" />
        </promptsEntry>
      </list>
    </option>
  </component>
</application>